Unité;Leçon;FRANZÖSISCH;PHONETIK;DEUTSCH
1;1;admis/e (adj.);[admi / admiz];zugelassen (adj.)
1;1;adresse (une);[ynadrɛs];Adresse (eine)
1;1;avocat/e (un/une);[ɛ̃navɔka / ynavɔkat];Anwalt/Anwältin (ein/ eine)
1;1;avoir besoin (v.);[avwar bəzwɛ̃];brauchen
1;1;beau-fils (un) / belle-fille (une);[ɛ̃ bofis / yn(ə) bɛlfij];"Schwiegersohn (ein) / Schwiegertochter
(eine)"
1;1;beau-père (un) / belle-mère (une);[ɛ̃ bopɛr / yn(ə) bɛlmɛr];"Schwiegervater (ein) / Schwiegermutter
(eine)"
1;1;bienvenue;[bjɛ̃v(ə)ny];willkommen
1;1;célibataire (adj.);[selibatɛr];ledig (adj.)
1;1;centre d’intérêt (un);[ɛ̃ sɑ̃trə dɛ̃terɛ];Interessen (pl.)
1;1;chercher;[ʃɛrʃe];suchen
1;1;chômeur/euse (un/ une);[ɛ̃ ʃomoer / yn(ə) ʃomøz];Arbeitslose/r (ein/eine)
1;1;client/e (un/une);[ɛ̃ klijɑ̃ / yn(ə) kliyɑnt];Kunde (ein) / Kundin (eine)
1;1;code postal (un);[ɛ̃ kɔd(ə) pɔstal];Postleitzahl (eine)
1;1;compagnon (un) / compagne (une);[ɛ̃ kɔ̃paɲɔ̃ / yn(ə) kɔ̃paɲ];"Lebensgefährte (ein) / Lebensgefährtin
(eine)"
1;1;compétence (une);[yn(ə) kɔ̃petɑ̃s];Fähigkeit (eine)
1;1;conjoint/e (un/une);[ɛ̃ kɔ̃ʒwɛ̃ / yn(ə) kɔ̃ʒwɛ̃t];Ehepartner/in (ein/ eine)
1;1;coordonnées (des);[dɛ kɔɔrdɔne];Kontaktdaten (pl.)
1;1;couple (un);[ɛ̃ kupl];Paar (ein)
1;1;date de naissance (une);[yn(ə) dat də nɛsɑ̃s];Geburtsdatum (ein)
1;1;état civil (l');[leta sivil];Familienstand (der)
1;1;événement (un);[ɛ̃nevɛn(ə)mɑ̃];Ereignis (ein) / Veranstaltung (eine)
1;1;familial/e (adj.);[familjal];familiär (adj.)
1;1;formateur/trice (un/ une);[ɛ̃ fɔrmatoer / yn(ə) fɔrmatris];Kursleiter/in (ein/eine)
1;1;formation (une);[yn(ə) fɔrmasjɔ̃];Ausbildung (eine)
1;1;formulaire (un);[ɛ̃ fɔrmylɛr];Formular (ein)
1;1;futur (le);[lə fytyr];Zukunft (die)
1;1;graphiste (un/une);[ɛ̃ grafist / yn(ə) grafist];Grafikdesigner/in (ein/ eine)
1;1;habiter (v.);[abite];wohnen
1;1;indépendant/e (adj.);[ɛ̃depɑ̃dɑ̃ / ɛ̃depɑ̃dɑ̃t];selbständig (adj.)
1;1;logiciel (un);[ɛ̃ lɔʒisjɛl];Software (eine)
1;1;maison d’édition (une);[yn(ə) mɛzɔ̃ dedisjɔ̃];Verlag (ein)
1;1;mari (un) / femme (une);[ɛ̃ mari / yn(ə) fam];Ehemann (ein) / Ehefrau (eine)
1;1;marié/e (adj.);[marje / marje];verheiratet (adj.)
1;1;mettre à jour (v.);[mɛtra ʒur];aktualisieren
1;1;motivation (une);[yn(ə) mɔtivasjɔ̃];Motivation (eine)
1;1;nationalité (une);[yn(ə) nasjɔnalite];Nationalität (eine)
1;1;participant/e (un/une);[ɛ̃ partisipɑ̃ / yn(ə) partisipɑ̃t];Teilnehmer/in (ein/ eine)
1;1;payant/e (adj.);[pɛjɑ̃ / pɛjɑ̃t];kostenpflichtig (adj.)
1;1;père (un) / mère (une);[ɛ̃ pɛr / yn(ə) mɛr];Vater (ein) / Mutter (eine)
1;1;pourquoi;[purkwa];warum
1;1;préinscription (une);[yn(ə) preɛ̃skripsjɔ̃];Voranmeldung (eine)
1;1;prénom (un);[ɛ̃ prenɔ̃];Vorname (ein)
1;1;prix (un);[ɛ̃ pri];Preis (ein)
1;1;profession (une);[yn(ə) prɔfesjɔ̃];Beruf (ein)
1;1;professionnel/elle (adj.);[prɔfesjɔnɛl / prɔfesjɔnɛl];beruflich / professionell (adj.)
1;1;projet (un);[ɛ̃ prɔʒɛ];Projekt (ein)
1;1;public (le);[lə pyblik];Öffentlichkeit (die)
1;1;s’occuper (v.);[sɔkype];sich kümmern
1;1;salarié/e (un/une);[ɛ̃ salarje / yn(ə) salarje];Angestellte/r (ein/eine)
1;1;séparé/e (adj.);[separe / separe];getrennt (adj.)
1;1;situation (une);[yn(ə) sitɥasjɔ̃];Situation (eine)
1;1;veuf/veuve (adj.);[voef / voev];verwitwet (adj.)
1;2;agréable (adj.);[agreabl];angenehm (adj.)
1;2;ami/e (un/une);[ɛ̃nami / ynami];Freund/in (ein/eine)
1;2;amitié (l');[lamitje];Freundschaft (die)
1;2;article (un);[ɛ̃nartikl];Artikel (ein)
1;2;avec;[avɛk];mit
1;2;campagne (la);[la kɑ̃paɲ];Land (das)
1;2;caractère (un);[ɛ̃ karaktɛr];Charakter (ein)
1;2;caractéristique (une);[yn(ə) karakteristik];Merkmal (ein)
1;2;chien (un);[ɛ̃ ʃjɛ̃];Hund (ein)
1;2;collègue (un/une);[ɛ̃ kɔlɛg / yn(ə) kɔlɛg];Kollege (ein) / Kollegin (eine)
1;2;copain (un) / copine (une);[ɛ̃ kɔpɛ̃ / yn(ə) kɔpin];Freund/in (ein/eine)
1;2;croiser (v.);[krwaze];begegnen
1;2;découvrir (v.);[dekuvrir];entdecken
1;2;défaut (un);[ɛ̃ defo];Schwäche (eine)
1;2;dernier/ière (adj.);[dɛrnje / dɛrnjɛr];letzte (adj.)
1;2;devenir (v.);[dəv(ə)nir];werden
1;2;drôle (adj.);[drol];lustig (adj.)
1;2;entourage (l’);[lɑ̃turaʒ];Umgebung (die)
1;2;essayer (v.);[eseje];versuchen
1;2;facile (adj.);[fasil];einfach (adj.)
1;2;faire connaissance (v.);[fɛr kɔnɛsɑ̃s];kennenlernen
1;2;faire le premier pas (v.);[fɛr lə prəmje pa];den ersten Schritt tun
1;2;fête (une);[yn(ə) fɛt];Party (eine)
1;2;fréquenter (v.);[frekɑ̃te];verkehren mit
1;2;généreux/euse (adj.);[ʒenerø / ʒenerøz];großzügig (adj.)
1;2;gens (des);[de ʒɑ̃];Leute (pl.)
1;2;habitude (une);[ynabityd];Gewohnheit (eine)
1;2;heureux/euse (adj.);[ørø / ørøz];glücklich (adj.)
1;2;modeste (adj.);[mɔdɛst];bescheiden (adj.)
1;2;montrer (v.);[mɔ̃tre];"zeigen (montrer l’exemple = Beispiel
geben)"
1;2;occasion (une);[ynɔkazjɔ̃];Anlass (ein) / Gelegenheit (eine)
1;2;parfois;[parfwa];manchmal
1;2;petit déjeuner (un);[ɛ̃ p(ə)ti deʒøne];Frühstück (ein)
1;2;portable (un);[ɛ̃ pɔrtabl];Laptop (ein)
1;2;préférer (v.);[prefere];bevorzugen
1;2;prétentieux/euse (adj.);[pretɑ̃sjø / pretɑ̃sjøz];überheblich (adj.)
1;2;principal/e (adj.);[prɛ̃sipal / prɛ̃sipal];wichtigste(r) (adj.)
1;2;promener (v.);[prɔm(ə)ne];spazieren gehen
1;2;psychologique (adj.);[psykɔlɔʒik];psychologisch (adj.)
1;2;qualité (une);[yn(ə) kalite];Qualität / Stärke (eine)
1;2;quand;[kɑ̃];wann / wenn
1;2;relation (une);[yn(ə) rəlasjɔ̃];Beziehung (eine)
1;2;rencontrer (v.);[rɑ̃kɔ̃tre];treffen
1;2;rigoler (v.);[rigɔle];Spaß haben
1;2;rubrique (une);[yn(ə) rybrik];Rubrik (eine)
1;2;sans;[sɑ̃];ohne
1;2;se croiser (v.);[s(ə) krwaze];sich begegnen
1;2;sérieux/euse (adj.);[serjø / serjøz];ernst / seriös (adj.)
1;2;souvent;[suvɑ̃];oft
1;2;tard;[tar];spät
1;2;thème (un);[ɛ̃ tɛm];Thema (ein)
1;2;timide (adj.);[timid];schüchtern (adj.)
1;2;toujours;[tuʒur];immer
1;2;trop;[tro];zu (viel)
1;2;vie (la);[la vi];Leben (das)
1;2;vivre (v.);[vivr];leben
1;2;vrai/e (adj.);[vrɛ / vrɛ];richtig (adj.)
1;3;amour (l’);[lamur];Liebe (die)
1;3;année (une);[ynane];Jahr (ein)
1;3;août;[ut];August
1;3;apporter (v.);[apɔrte];bringen / verschaffen
1;3;argent (l’);[larʒɑ̃];Geld (das)
1;3;astre (un);[ɛ̃nastr];Gestirn (ein)
1;3;bon/ne (adj.);[bɔ̃ / bɔn];gut (adj.)
1;3;cadeau (un);[ɛ̃ kado];Geschenk (ein)
1;3;calme (adj.);[kalm];ruhig (adj.)
1;3;célèbre (adj.);[selɛbr];berühmt (adj.)
1;3;chance (la);[la ʃɑ̃s];Chance (die) / Glück (das)
1;3;choisir (v.);[ʃwazir];wählen
1;3;complet/lète (adj.);[kɔ̃plɛ / kɔ̃plɛt];vollständig (adj.)
1;3;consulter (v.);[kɔ̃sylte];einsehen / um Rat fragen
1;3;demain;[dəmɛ̃];morgen
1;3;dépendre (v.);[depɑ̃dr];abhängen
1;3;dépenser (v.);[depɑ̃se];ausgeben
1;3;donner (v.);[dɔne];geben
1;3;en forme;[ɑ̃ fɔrm];in Form
1;3;énergie (une);[ynenɛrʒi];Energie (eine)
1;3;faire attention (v.);[fɛratɑ̃sjɔ̃];aufpassen
1;3;faire des économies (v.);[fɛr dezekɔnɔmi];sparen
1;3;fatigue (la);[la fatig];Müdigkeit (die)
1;3;fatigué/e (adj.);[fatige / fatige];müde (adj.)
1;3;favoriser (v.);[favɔrize];fördern
1;3;gagner de l’argent (v.);[gaɲje də larʒɑ̃];Geld verdienen
1;3;générosité (la);[la ʒenerozite];Großzügigkeit (die)
1;3;horoscope (l’);[lɔrɔskɔp];Horoskop (das)
1;3;humeur (l’);[lymoer];Laune (die)
1;3;idéal/e (adj.);[ideal / ideal];ideal (adj.)
1;3;invitation (une);[ynɛ̃vitasjɔ̃];Einladung (eine)
1;3;joie (la);[la ʒwa];Freude (die)
1;3;moment (un);[ɛ̃ mɔmɑ̃];Moment (ein)
1;3;occidental/e (adj.);[ɔksidɑ̃tal / ɔksidɑ̃tal];westlich (adj.)
1;3;optimiste (adj.);[ɔptimist];optimistisch (adj.)
1;3;partager (v.);[partaʒe];teilen
1;3;prendre (v.);[prɑ̃dr];nehmen
1;3;prévision (une);[yn(ə) previzjɔ̃];Vorhersage (eine)
1;3;priorité (une);[yn(ə) priɔrite];Priorität (eine)
1;3;prochain/e (adj.);[prɔʃɛ̃ / prɔʃɛn];nächste(r) (adj.)
1;3;protéger (v.);[prɔteʒe];schützen
1;3;publier (v.);[pyblije];veröffentlichen
1;3;recevoir (v.);[rəvwar];empfangen
1;3;rencontre (une);[yn(ə) rɑ̃kɔ̃tr];Begegnung (eine)
1;3;ressentir (v.);[rəsɑ̃tir];fühlen
1;3;romantisme (le);[lə rɔmɑ̃tism];Romantik (die)
1;3;satisfait/e (adj.);[satisfɛ / satisfɛt];zufrieden (adj.)
1;3;se détendre (v.);[sə detɑ̃dr];sich entspannen (v.)
1;3;se sentir (v.);[sə sɑ̃tir];sich fühlen
1;3;sentiment (un);[ɛ̃ sɑ̃timɑ̃];Gefühl (ein)
1;3;sentimental/e (adj.);[sɑ̃timɑ̃tal / sɑ̃timɑ̃tal];gefühlsbetont (adj.)
1;3;signe (un);[ɛ̃ siɲ];Zeichen / Sternzeichen (ein)
1;3;société (une);[yn(ə) sɔsjete];Gesellschaft (eine)
1;3;solution (une);[yn(ə) sɔlysjɔ̃];Lösung (eine)
1;3;spectaculaire (adj.);[spɛktakylɛr];spektakulär (adj.)
1;3;tendresse (la);[la tɑ̃drɛs];Zärtlichkeit (die)
1;3;tomber amoureux (v.);[tɔ̃be amurø];sich verlieben
1;4;actualité (l’);[laktɥalite];Aktuelles / Zeitgeschehen (das)
1;4;appareil (photo) (un);[ɛ̃naparɛj (foto)];(Foto-)Apparat (ein)
1;4;apprentissage (l’);[laprɑ̃tisaʒ];Lernen (das)
1;4;attirer l’attention (v.);[atire latɑ̃sjɔ̃];Aufmerksamkeit erregen
1;4;avis (un);[ɛ̃navi];Meinung (eine)
1;4;avoir raison (v.);[avwar rɛzɔ̃];Recht haben
1;4;balcon (un);[ɛ̃ balkɔ̃];Balkon (ein)
1;4;beau/belle (adj.);[bo / bɛl];schön (adj.)
1;4;bise (une);[yn(ə) biz];Kuss (ein)
1;4;comprendre (v.);[kɔ̃prɑ̃dr];verstehen
1;4;conseil (un);[ɛ̃ kɔ̃sɛj];Rat(-schlag) (ein)
1;4;déroulement (le);[lə derul(ə)mɑ̃];Ablauf (der)
1;4;feu d’artifice (un);[ɛ̃ fø dartifis];Feuerwerk (ein)
1;4;forêt (une);[yn(ə) fɔrɛ];Wald (ein)
1;4;gagner (v.);[gaɲe];gewinnen / verdienen
1;4;hésitation (une);[ynezitasjɔ̃];Zögern (ein)
1;4;informel/le (adj.);[ɛ̃fɔrmɛl / ɛ̃fɔrmɛl];informell (adj.)
1;4;lieu (un);[ɛ̃ ljø];Ort (ein)
1;4;participer (v.);[partisipe];teilnehmen
1;4;photo(graphie) (une);[yn(ə) fɔtɔ(grafi)];Foto(grafie) (ein/e)
1;4;porter bonheur (v.);[pɔrte bɔnoer];Glück bringen
1;4;possible (adj.);[pɔsibl];möglich (adj.)
1;4;réveillon (le);[lə revejɔ̃];Silvester (der)
1;4;s’embrasser (v.);[sɑ̃brase];sich küssen / umarmen
1;4;se rassembler (v.);[s(ə) rasɑ̃ble];sich versammeln
1;4;se tutoyer (v.);[sə tytwaje];sich duzen
1;4;surprenant/e (adj.);[syrprənɑ̃ / syrprənɑ̃t];überraschend (adj.)
1;4;tradition (une);[yn(ə) tradisjɔ̃];Tradition (eine)
1;4;voeu (un);[ɛ̃ vø];Wunsch (ein)
2;5;adorable (adj.);[adɔrabl];reizend (adj.)
2;5;affinités (des);[dezafinite];Wesensverwandtschaft (die)
2;5;biologique (adj.);[bjɔlɔʒik];leiblich / biologisch (adj.)
2;5;célébrité (une);[yn(ə) selebrite];Berühmtheit (eine)
2;5;changement (un);[ɛ̃ ʃɑ̃ʒ(ə)mɑ̃];Veränderung (eine)
2;5;choc (un);[ɛ̃ ʃɔk];Schreck (ein)
2;5;compliqué/e (adj.);[kɔ̃plike / kɔ̃plike];kompliziert (adj.)
2;5;de temps en temps;[də tɑ̃zɑ̃tɑ̃];ab und zu
2;5;décès (un);[ɛ̃ desɛ];Tod (ein)
2;5;demi-frère (un) / demi-soeur (une);[ɛ̃ dəmifrɛr / yn(ə) dəmisoer];Halbbruder (ein) / Halbschwester (eine)
2;5;difficulté (une);[yn(ə) difikylte];Schwierigkeit (eine)
2;5;divorcer (v.);[divɔrse];sich scheiden lassen
2;5;éducation (l’);[ledykasjɔ̃];Erziehung (die)
2;5;émission (une);[ynemisjɔ̃];Sendung (eine)
2;5;en commun;[ɑ̃ kɔmɛ̃];gemeinsam
2;5;famille recomposée (une);[yn(ə) famij rəkɔ̃pɔze];Patchworkfamilie (eine)
2;5;fils / fille unique (un/ une);[ɛ̃ fisynik / yn(ə) fijynik];Einzelkind (ein)
2;5;fratrie (une);[yn(ə) fratri];Geschwister (pl.)
2;5;frère (un);[ɛ̃ frɛr];Bruder (ein)
2;5;lien (un);[ɛ̃ ljɛ̃];Bindung (eine)
2;5;livret de famille (un);[ɛ̃ livrɛ d(ə) famij];Familienstammbuch (ein)
2;5;mairie (une);[yn(ə) meri];Rathaus (ein)
2;5;mauvais/e (adj.);[movɛ / movɛz];schlecht (adj.)
2;5;milieu social (le);[lə miljø sɔsjal];soziales Umfeld (das)
2;5;mois (un);[ɛ̃ mwa];Monat (ein)
2;5;naissance (une);[yn(ə) nɛsɑ̃s];Geburt (eine)
2;5;pareil/eille (adj.);[parɛj / parɛj];gleich (adj.)
2;5;proportion (une);[yn(ə) prɔpɔrsjɔ̃];Größenverhältnis (ein)
2;5;propre (adj.);[prɔpr];eigene/r/s (adj.) / sauber (adj.)
2;5;quasi (adv.);[kazi];fast (adv.)
2;5;région (une);[yn(ə) reʒjɔ̃];Region (eine)
2;5;riche (adj.);[riʃ];reich (adj.)
2;5;s’amuser (v.);[samyze];sich amüsieren
2;5;s’entendre (bien) (v.);[(bjɛ̃) sɑ̃tɑ̃dr];sich (gut) verstehen
2;5;se disputer (v.);[s(ə) dispute];sich streiten
2;5;se séparer (v.);[sə separe];sich trennen
2;5;soeur (une);[yn(ə) soer];Schwester (eine)
2;5;témoignage (un);[ɛ̃ temwaɲaʒ];Bericht (ein)
2;6;affiche (une);[ynafiʃ];Plakat (ein)
2;6;ambulant/e (adj.);[ɑ̃bylɑ̃ / ɑ̃bylɑ̃t];Wander-
2;6;aujourd’hui;[oʒurdɥi];heute
2;6;banlieue (la);[la bɑ̃ljø];Stadtrand (der) / Vorstadt (die)
2;6;bâtiment (le);[lə batimɑ̃];Gebäude (das)
2;6;beaucoup;[boku];viel / sehr
2;6;chantier (un);[ɛ̃ ʃɑ̃tje];Baustelle (eine)
2;6;chômage (le);[lə ʃomaʒ];Arbeitslosigkeit (die)
2;6;construction (une);[yn(ə) kɔ̃stryksjɔ̃];Bau (ein)
2;6;courageux/euse (adj.);[kuraʒø / kuraʒøz];mutig (adj.)
2;6;décrire (v.);[dekrir];beschreiben
2;6;dur/e (adj.);[dyr / dyr];hart (adj.)
2;6;élégant/e (adj.);[elegɑ̃ / elegɑ̃t];elegant (adj.)
2;6;émigrer (v.);[emigre];auswandern
2;6;employé/e de maison (un/ une);[ɛ̃nɑ̃plwaje də mezɔ̃ / ynɑ̃plwaje də mezɔ̃];Hausangestellte(r) (ein/eine)
2;6;enfance (une);[ynɑ̃fɑ̃s];Kindheit (eine)
2;6;énorme (adj.);[enɔrm];riesig (adj.)
2;6;époque (une);[ynepɔk];Zeit (eine)
2;6;été (un);[ɛ̃nete];Sommer (ein)
2;6;football (le);[lə futbol];Fußball (der)
2;6;hypermarché (un);[ɛ̃nipɛrmarʃe];Großmarkt (ein)
2;6;identité (l’);[lidɑ̃tite];Identität (die)
2;6;immigration (l’);[limigrasjɔ̃];Immigration (die)
2;6;issu/e (de) (adj.);[isy də / isy də];aus
2;6;localisation (une);[yn(ə) lɔkalizasjɔ̃];Ort (eine)
2;6;maçon/ne (un/une);[ɛ̃ masɔ / yn(ə) masɔn];Maurer/in (ein/eine)
2;6;membre (un);[ɛ̃ mɑ̃br];Mitglied (ein)
2;6;mer (la);[la mɛr];Meer (das)
2;6;naître (v.);[nɛtr];geboren werden
2;6;ouvrier/ière (un/une);[ɛ̃nuvrje / ynuvrjɛr];Arbeiter/in (ein/eine)
2;6;passé (le);[lə pase];Vergangenheit (die)
2;6;petit-fils (un) / petite-fille (une);[ɛ̃ p(ə)tifis / yn(ə) p(ə)titfij];Enkel (ein) / Enkelin (eine)
2;6;petits-enfants (des);[de pətizɑ̃fɑ̃];Enkelkinder (pl.)
2;6;poser (v.);[pɔze];"(eine Frage) stellen / abstellen / Modell
stehen"
2;6;s’installer (v.);[sɛ̃stale];sich niederlassen
2;6;se souvenir (v.);[sə suv(ə)nir];sich erinnern
2;6;simple (adj.);[sɛ̃pl];einfach (adj.)
2;6;singulier/ière (adj.);[sɛ̃gylje / sɛ̃gyljɛr];einzigartig (adj.) / Singular
2;6;souriant/e (adj.);[surjɑ̃ / surjɑ̃t];freundlich (adj.)
2;6;travailleur/euse (un/ une);[ɛ̃ travajoer / yn(ə) travajøz];Arbeiter/in (ein/eine)
2;7;amoureux/euse (adj.);[amurø / amurøz];verliebt (adj.)
2;7;blanc/blanche (adj.);[blɑ̃ / blɑ̃ʃ];weiß (adj.)
2;7;blond/e (adj.);[blɔ̃ / blɔ̃d];blond (adj.)
2;7;boire (v.);[bwar];trinken
2;7;briller (v.);[brije];scheinen
2;7;brun/e (adj.);[brɛ̃ / bryn];braun (adj.)
2;7;cheveu (un);[ɛ̃ ʃfø / ɛ̃ ʃəvø];Haar (ein)
2;7;coeur brisé (avoir le) (v.);[avwar lə koer brize];betrübt sein
2;7;coup de foudre (un);[ɛ̃ ku də fudr / ɛ̃ kut fudr];Liebe auf den ersten Blick (eine)
2;7;courir (v.);[kurir];laufen
2;7;court/e (adj.);[kur / kurt];kurz (adj.)
2;7;début (un);[ɛ̃ deby];Beginn (ein)
2;7;enceinte (adj.);[ɑ̃sɛ̃t];schwanger (adj.)
2;7;ensemble;[ɑ̃sɑ̃bl];zusammen
2;7;entreprise (une);[ynɑ̃trəpriz];Unternehmen (ein)
2;7;grandir (v.);[grɑ̃dir];(auf)wachsen
2;7;import-export (l’);[lɛ̃pɔrɛkspɔr];Import-Export (der)
2;7;incroyable (adj.);[ɛ̃krwajabl];unglaublich (adj.)
2;7;journal (un);[ɛ̃ ʒurnal];Zeitung (eine)
2;7;lecteur/trice (un/une);[ɛ̃ lɛktoer / yn(ə) lɛktris];Leser/in (ein/eine)
2;7;maillot de bain (un);[ɛ̃ majo d(ə) bɛ̃];Badeanzug (ein) / Badehose (eine)
2;7;matinée (une);[yn(ə) matine];Vormittag (ein)
2;7;météo (la);[la meteo];Wettervorhersage (die)
2;7;militaire (adj.);[militɛr];militärisch (adj.)
2;7;nombreux/euse (adj.);[nɔ̃brø / nɔ̃brøz];zahlreich (adj.)
2;7;plage (une);[yn(ə) plaʒ];Strand (ein)
2;7;plonger (v.);[plɔ̃ʒe];eintauchen
2;7;porter (v.);[pɔrte];tragen
2;7;printemps (le);[lə prɛ̃tɑ̃];Frühling (der)
2;7;rester (v.);[rɛste];bleiben
2;7;sable (le);[lə sabl];Sand (der)
2;7;se baigner (v.);[s(ə) bɛɲe];baden
2;7;se quitter (v.);[s(ə) kite];sich verlassen
2;7;se reconnaître (v.);[s(ə) rəkɔnɛtr];sich wiedererkennen
2;7;se rencontrer (v.);[s(ə) rɑ̃kɔ̃tre];sich begegnen
2;7;se retrouver (v.);[sə r(ə)truve];sich wieder begegnen
2;7;seul/e (adj.);[soel / soel];allein (adj.)
2;7;tout de suite;[tu də sɥit / tutsɥit];sofort
2;7;visage (un);[ɛ̃ vizaʒ];Gesicht (ein)
2;8;avoir lieu (v.);[avwar ljø];stattfinden
2;8;bagarre (une);[yn(ə) bagar];Schlägerei (eine)
2;8;bonheur (le);[lə bɔnoer];Glück (das)
2;8;célébrer (v.);[selebre];feiern
2;8;cérémonie (une);[yn(ə) seremɔni];Feier (eine)
2;8;commencer (v.);[kɔmɑ̃se];beginnen
2;8;cours (un);[ɛ̃ kur];Kurs (ein)
2;8;cuisiner (v.);[kɥizine];kochen (v.)
2;8;curieux/euse (adj.);[kyrjø / kyrjøz];neugierig (adj.)
2;8;démarrer (v.);[demare];beginnen
2;8;destin (un);[ɛ̃ dɛstɛ̃];Schicksal (ein)
2;8;discours (un);[ɛ̃ diskur];Rede (eine)
2;8;faire confiance (v.);[fɛr kɔ̃fjɑ̃s];vertrauen
2;8;féliciter (v.);[felisite];gratulieren
2;8;merveilleux/euse (adj.);[mɛrvɛjø / mɛrvɛjøz];herrlich (adj.)
2;8;plaisir (un);[ɛ̃ plɛzir];Vergnügen (ein)
2;8;premier/ière de la classe (le/la);[lə prəmje də la klas / la prəmjɛr də la klas];Klassenbeste/r (der/ die)
2;8;prendre la parole (v.);[prɑ̃dr(ə) la parɔl];das Wort ergreifen
2;8;préparer (v.);[prepare];vorbereiten
2;8;présent/e (adj.);[prezɑ̃ / prezɑ̃t];anwesend (adj.)
2;8;profiter (v.);[prɔfite];profitieren / ausnutzen
2;8;réunir (v.);[reɥnir];zusammenbringen
2;8;révéler (v.);[revele];verraten
2;8;secret (un);[ɛ̃ səkrɛ];Geheimnis (ein)
2;8;témoin (un);[ɛ̃ temwɛ̃];Zeuge (ein)
2;8;transmettre (v.);[trɑ̃smɛtr];übertragen
3;9;accoucher (v.);[akuʃe];entbinden
3;9;achat (un);[ɛ̃naʃa];Einkauf (ein)
3;9;acheter (v.);[aʃəte / aʃte];kaufen
3;9;animation (une);[ynanimasjɔ̃];Veranstaltung (eine)
3;9;arrêter (v.);[arete];aufhören / anhalten
3;9;bas/basse (adj.);[ba / bas];niedrig (adj.)
3;9;boucher/ère (un/une);[ɛ̃ buʃe / yn(ə) buʃɛr];Metzger/in (ein/eine)
3;9;boulanger/ère (un/une);[ɛ̃ bulɑ̃ʒe / yn(ə) bulɑ̃ʒɛr];Bäcker/in (ein/eine)
3;9;boutique (une);[yn(ə) butik];Geschäft (ein)
3;9;buraliste (un);[ɛ̃ byralist];Tabakhändler (ein)
3;9;bureau de poste (un);[ɛ̃ byro də pɔst];Postamt (ein)
3;9;centre commercial (un);[ɛ̃ sɑ̃trə kɔmɛrsjal];Einkaufszentrum (ein)
3;9;centre-ville (le);[lə sɑ̃trə vil];Innenstadt (die)
3;9;commerçant/e (un/ une);[ɛ̃ kɔmɛrsɑ̃ / yn(ə) kɔmɛrsɑ̃t];Händler/in (ein/eine)
3;9;commerce (un);[ɛ̃ kɔmɛrs];Geschäft (ein)
3;9;commissariat de police (un);[ɛ̃ kɔmisarja də pɔlis];Polizeirevier (ein)
3;9;conduire (v.);[kɔ̃dɥir];fahren
3;9;continuer (v.);[kɔ̃tinɥe];weitergehen / weitermachen
3;9;déranger (v.);[derɑ̃ʒe];stören
3;9;désertification (la);[la dezɛrtifikasjɔ̃];Wüstenbildung (die)
3;9;disparition (une);[yn(ə) disparisjɔ̃];Verschwinden (ein)
3;9;dossier (un);[ɛ̃ dɔsje];Akte (eine)
3;9;dynamiser (v.);[dinamize];mobilisieren
3;9;épicerie (une);[ynepis(ə)ri];Lebensmittelgeschäft (ein)
3;9;épicier/ère (un/une);[ɛ̃nepisje / ynepisjɛr];Lebensmittelhändler/in (ein/eine)
3;9;être embêté/e (v.);[ɛtrɑ̃bete / ɛtrɑ̃bete];verärgert sein
3;9;exister (v.);[ɛgziste];existieren
3;9;faire la queue (v.);[fɛr la kø];sich anstellen (v.)
3;9;fermé/e;[fɛrme / fɛrme];geschlossen
3;9;fermer (v.);[fɛrme];schließen
3;9;fermeture (une);[yn(ə) fɛrmətyr];Schließung (eine)
3;9;fleuriste (un/une);[ɛ̃ floerist / yn(ə) floerist];Blumenhändler/in (ein/ eine)
3;9;louer (v.);[lwe];mieten
3;9;lutter (v.);[lyte];kämpfen
3;9;maire (le/la);[lə mɛr / la mɛr];Bürgermeister/in (der/die)
3;9;maternité (la);[la matɛrnite];Entbindungsstation (die)
3;9;mourir (v.);[murir];sterben
3;9;municipalité (la);[la mynisipalite];Gemeinde (die)
3;9;pain (le);[lə pɛ̃];Brot (das)
3;9;périphérie (la);[la periferi];Stadtrand (der)
3;9;phénomène (un);[ɛ̃ fenɔmɛn];Phänomen (ein)
3;9;poissonnier/ère (un/ une);[ɛ̃ pwasɔnje / yn(ə) pwasɔnjɛr];Fischhändler/in (ein/ eine)
3;9;pouvoir (v.);[puvwar];können
3;9;proposer (v.);[prɔpɔze];vorschlagen
3;9;quitter (v.);[kite];verlassen
3;9;se développer (v.);[s(ə) dev(ə)lɔpe];sich ausbreiten / weiterentwickeln
3;9;se faire livrer (v.);[s(ə) fɛr livre];sich liefern lassen
3;9;se garer (v.);[s(ə) gare];parken
3;9;se rendre à (v.);[s(ə) rɑ̃dr];gehen / fahren nach
3;9;se vider (v.);[s(ə) vide];sich leeren
3;9;service (un);[ɛ̃ sɛrvis];Dienstleistung (eine)
3;9;service d’urgences (un);[ɛ̃ sɛrvis dyrʒɑ̃s];Notaufnahme (eine)
3;9;stationnement (le);[lə stasjɔn(ə)mɑ̃];Parken (das)
3;10;ancien/ne (adj.);[ɑ̃sjɛ̃ / ɑ̃sjɛn];alt / ehemalig (adj.)
3;10;augmenter (v.);[ogmɑ̃te];erhöhen
3;10;avantage (un);[ɛ̃navɑ̃taʒ];Vorteil (ein)
3;10;capitale (une);[yn(ə) kapital];Hauptstadt (eine)
3;10;cher/chère (adj.);[ʃɛr / ʃɛr];teuer / lieb (adj.)
3;10;chiffre (un);[ɛ̃ ʃifr];Zahl (eine)
3;10;circulation (la);[la sirkylasjɔ̃];Verkehr (der)
3;10;comparer (v.);[kɔ̃pare];vergleichen
3;10;conséquence (une);[yn(ə) kɔ̃sekɑ̃s];Folge (eine)
3;10;détester (v.);[detɛste];hassen
3;10;espace (un);[ɛ̃nɛspas];Raum (ein)
3;10;exode (un);[ɛ̃nɛgzɔd];Stadtflucht (eine)
3;10;expo (exposition) (une);[ynɛkspo / ynɛkspɔzisjɔ̃];Ausstellung (eine)
3;10;familier/ière (adj.);[familje / familjɛr];bekannt (adj.)
3;10;habitant/e (un/une);[ɛ̃nabitɑ̃ / ynabitɑ̃t];Einwohner/in (ein/eine)
3;10;immobilier (l’);[limɔbilje];Immobiliengeschäft (das)
3;10;jusqu’à;[ʒyska];bis
3;10;limiter (v.);[limite];beschränken
3;10;moins;[mwɛ̃];weniger
3;10;moyen (un);[ɛ̃ mwajɛ̃];Mittel (ein)
3;10;natalité (la);[la natalite];Geburtenrate (die)
3;10;parc (un);[ɛ̃ park];Park (ein)
3;10;partir (v.);[partir];(weg)gehen / abfahren
3;10;perdre (v.);[pɛrdr];verlieren
3;10;périphérique (le);[lə periferik];Ringstraße (die)
3;10;piéton (un);[ɛ̃ pjetɔ̃];Fußgänger (ein)
3;10;population (la);[la pɔpylasjɔ̃];Bevölkerung (die)
3;10;prestigieux/ieuse (adj.);[prɛstiʒjø / prɛstiʒjøz];renommiert (adj.)
3;10;proche (adj.);[prɔʃ];nahegelegen (adj.)
3;10;province (la);[la prɔvɛ̃s];Provinz (die)
3;10;raison (une);[yn(ə) rɛzɔ̃];Grund (ein)
3;10;regretter (v.);[rəgrɛte];bedauern
3;10;routine (une);[yn(ə) rutin];Alltagstrott (ein)
3;10;sommeil (le);[lə sɔmɛj];Schlaf (der)
3;10;superficie (une);[yn(ə) sypɛrfisi];Fläche (eine)
3;10;surface (une);[yn(ə) syrfas];Oberfläche (eine)
3;10;trajet (un);[ɛ̃ traʒɛ];Strecke (eine)
3;10;transport (le);[lə trɑ̃spɔr];Verkehrswesen (das)
3;10;vélo (un);[ɛ̃ velo];Fahrrad (ein)
3;11;à pied;[a pje];zu Fuß
3;11;actuellement;[aktɥɛl(ə)mɑ̃];derzeit
3;11;africain/e;[afrikɛ̃ / afrikɛn];afrikanisch (adj.)
3;11;agence de voyages (une);[ynaʒɑ̃s də vwajaʒ];Reisebüro (ein)
3;11;amusant/e (adj.);[amyzɑ̃ / amyzɑ̃t];lustig (adj.)
3;11;anecdote (une);[ynanɛgdɔt];Anekdote (eine)
3;11;association (une);[ynasɔsjasjɔ̃];Verein (ein)
3;11;attendre (v.);[atɑ̃dr];warten
3;11;chaque;[ʃak];jede/r
3;11;chef/cheffe (un/une);[ɛ̃ ʃɛf / yn(ə) ʃɛf];Küchenchef/in / Leiter/in (ein/eine)
3;11;climat (le);[lə klima];Klima (das)
3;11;colocataire (un/une);[ɛ̃ kɔlɔkatɛr / yn(ə) kɔlɔkatɛr];Mitbewohner/in (ein/ eine)
3;11;coloré/e (adj.);[kɔlɔre / kɔlɔre];bunt (adj.)
3;11;conseiller (v.);[kɔ̃seje];einen Rat geben
3;11;content/e (adj.);[kɔ̃tɑ̃ / kɔ̃tɑ̃t];zufrieden (adj.)
3;11;continent (un);[ɛ̃ kɔ̃tinɑ̃];Kontinent (ein)
3;11;courses (les);[le kurs];Einkäufe (die)
3;11;doux/douce (adj.);[du / dus];süß / sanft / freundlich (adj.)
3;11;échange (un);[ɛ̃neʃɑ̃ʒ];Austausch (ein)
3;11;étranger (à l’);[a letrɑ̃ʒe];Ausland (im)
3;11;expérience (une);[ynɛksperjɑ̃s];Erfahrung (eine)
3;11;faim (la);[la fɛ̃];Hunger (der)
3;11;fort/e (adj.);[fɔr / fɔrt];stark (adj.)
3;11;froid (le);[lə frwa];Kälte (die)
3;11;habitat (un);[ɛ̃nabita];Lebensraum (ein)
3;11;haricot (un);[ɛ̃ ariko];Bohne (eine)
3;11;immense (adj.);[imɑ̃s];riesig (adj.)
3;11;instant (un);[ɛ̃nɛ̃stɑ̃];Moment (ein)
3;11;journée (une);[yn(ə) ʒurne];Tag (ein)
3;11;nature (la);[la natyr];Natur (die)
3;11;pimenté/e (adj);[pimɑ̃te / pimɑ̃te];scharf gewürzt (adj.)
3;11;près de;[prɛ də];in der Nähe von
3;11;quartier (un);[ɛ̃ kartje];Stadtviertel (ein)
3;11;route (une);[yn(ə) rut];Straße (eine)
3;11;sec/sèche (adj.);[sɛk / sɛʃ];trocken (adj.)
3;11;solidarité (la);[la sɔlidarite];Solidarität (die)
3;11;tâche ménagère (une);[yn(ə) taʃ menaʒɛr];Hausarbeit (eine)
3;11;tropical/e (adj.);[trɔpikal / trɔpikal];tropisch (adj.)
3;11;truc (un);[ɛ̃ tryk];etwas
3;11;université (une);[ynynivɛrsite];Universität (eine)
3;11;végétarien/ne (adj.);[veʒetarjɛ̃ / veʒetarjɛn];vegetarisch (adj.)
3;11;vers;[vɛr];zu
3;11;volontaire (un/une);[ɛ̃ vɔlɔ̃tɛr / yn(ə) vɔlɔ̃tɛr];Freiwillige/r (ein/eine)
3;11;volontariat (le);[lə vɔlɔ̃tarja];Freiwilligenarbeit (die)
3;12;assez;[ase];genug / ziemlich
3;12;autour de;[otur də];rund um
3;12;billet (un);[ɛ̃ bijɛ];Eintrittskarte / Fahrkarte (eine)
3;12;chanteur/euse (un/ une);[ɛ̃ ʃɑ̃toer / yn(ə) ʃɑ̃tøz];Sänger/in (ein/eine)
3;12;chemin (un);[ɛ̃ ʃ(ə)mɛ̃];Weg (ein)
3;12;confiance (la);[la kɔ̃fjɑ̃s];Vertrauen (das)
3;12;côté (un);[ɛ̃ kɔte];Seite (eine)
3;12;embrasser (v.);[ɑ̃brase];küssen / umarmen
3;12;festival (un);[ɛ̃ fɛstival];Festival (ein)
3;12;génération (une);[yn(ə) ʒenerasjɔ̃];Generation (eine)
3;12;hémisphère (un);[ɛ̃nemisfɛr];Halbkugel (eine)
3;12;lande (la);[la lɑ̃d];Heide (die)
3;12;obliger (v.);[ɔbliʒe];zwingen
3;12;port (un);[ɛ̃ pɔr];Hafen (ein)
3;12;prêter (v.);[prete];ausleihen
3;12;programme (un);[ɛ̃ prɔgram];Programm (ein)
3;12;promenade (une);[yn(ə) prɔm(ə)nad];Spaziergang (ein)
3;12;rater (v.);[rate];verpassen
3;12;remerciement (un);[ɛ̃ rəmɛrsimɑ̃];Dank (ein)
3;12;reprendre (v.);[rəprɑ̃dr];wieder aufnehmen / zurückkehren
3;12;retour (un);[ɛ̃ rətur];Rückkehr / Rückfahrt (eine)
3;12;scène (une);[yn(ə) sɛn];Szene (eine)
3;12;se produire (v.);[s(ə) prɔdɥir];auftreten
3;12;style (un);[ɛ̃ stil];Stil (ein)
3;12;tour (un);[ɛ̃ tur];Hier: Ausflug (der)
3;12;vite;[vit];schnell
4;13;action (une);[ynaksjɔ̃];Handlung (eine)
4;13;aide (une);[ynɛd];Hilfe (eine)
4;13;appel (un);[ɛ̃napɛl];Anruf (ein) / Anrede (eine)
4;13;armoire (une);[ynarmwar];Schrank (ein)
4;13;arroser (v.);[arɔze];gießen
4;13;aspirateur (un);[ɛ̃naspiratoer];Staubsauger (ein)
4;13;assistance (l’);[lasistɑ̃s];Unterstützung (die)
4;13;avenir (l’);[lavənir];Zukunft (die)
4;13;besoin (un);[ɛ̃ bəzwɛ̃];Bedürfnis (ein)
4;13;bricolage (le);[lə brikɔlaʒ];Heimwerken (das)
4;13;cave (une);[yn(ə) kav];Keller (ein)
4;13;chambre (une);[yn(ə) ʃɑ̃br];Zimmer (ein)
4;13;chez;[ʃe];bei
4;13;concierge (un/une);[ɛ̃ kɔ̃sjɛrʒ / yn(ə) kɔ̃sjɛrʒ];Hausmeister/in (ein/ eine)
4;13;coup de main (un);[ɛ̃ ku d(ə) mɛ̃];Unterstützung (eine)
4;13;dangereux/euse (adj.);[dɑ̃ʒ(ə)rø / dɑ̃ʒ(ə)røz];gefährlich (adj.)
4;13;disponible (adj.);[dispɔnibl];verfügbar (adj.)
4;13;électricien/ienne (un/ une);[ɛ̃nelɛktrisjɛ̃ / ynelɛktrisjɛn];Elektriker/in (ein/eine)
4;13;envisager (v.);[ɑ̃vizaʒe];beabsichtigen
4;13;expliquer (v.);[ɛksplike];erklären
4;13;extérieur/e (adj.);[ɛksterjoer / ɛksterjoer];außen (adj.)
4;13;fer à repasser (un);[ɛ̃ fɛrar(ə)pase];Bügeleisen (ein)
4;13;fonctionner (v.);[fɔ̃ksjɔne];funktionieren
4;13;garde (la);[la gard];Obhut (die)
4;13;gardien/ne (un/une);[ɛ̃ gardjɛ̃ / yn(ə) gardjɛn];Hausmeister/in (ein/ eine)
4;13;gentil/le (adj.);[ʒɑ̃ti / ʒɑ̃tij];nett (adj.)
4;13;gros bras (un);[ɛ̃ gro bra];Muskelpaket (ein)
4;13;inscription (une);[ynɛ̃skripsjɔ̃];Anmeldung (eine)
4;13;intérieur;[ɛ̃terjoer];innen
4;13;laver (v.);[lave];waschen
4;13;lessive (de la);[d(ə) la lesiv];Waschmittel / Wäsche
4;13;livraison (une);[yn(ə) livrɛzɔ̃];Lieferung (eine)
4;13;lourd/e (adj.);[lur / lurd];schwer (adj.)
4;13;ménage (le);[lə menaʒ];Haushalt (der)
4;13;métier (un);[ɛ̃ metje];Beruf (ein)
4;13;nourrir (v.);[nurir];füttern
4;13;ordinateur (un);[ɛ̃nɔrdinatoer];Computer (ein)
4;13;par terre;[par tɛr];auf dem Boden
4;13;partout;[partu];überall
4;13;patience (la);[la pasjɑ̃s];Geduld (die)
4;13;place (une);[yn(ə) plas];Platz (ein)
4;13;planche à repasser (une);[yn(ə) plɑ̃ʃa r(ə) pase];Bügelbrett (ein)
4;13;plante (une);[yn(ə) plɑ̃t];Pflanze (eine)
4;13;plombier/ière (un/une);[ɛ̃plɔ̃bje / yn(ə) plɔ̃bjɛr];Klempner/in (ein/eine)
4;13;poli/e (adj.);[pɔli / pɔli];höflich (adj.)
4;13;politesse (la);[la pɔlitɛs];Höflichkeit (die)
4;13;prendre en compte (v.);[prɑ̃drɑ̃ kɔ̃t];berücksichtigen
4;13;rendre service (v.);[rɑ̃dr(ə) sɛrvis];behilflich sein
4;13;réparer (v.);[repare];reparieren
4;13;repassage (le);[le r(ə)pasaʒ];Bügeln (das)
4;13;rêve (un);[ɛ̃ rɛv];Traum (ein)
4;13;s’inquiéter (v.);[sɛ̃kjete];sich Sorgen machen
4;13;se baisser (v.);[s(ə) bɛse];sich bücken (v.)
4;13;souhait (un);[ɛ̃ swɛ];Wunsch (ein)
4;13;supplémentaire (adj.);[syplemɑ̃tɛr];zusätzlich (adj.)
4;13;tableau (un);[ɛ̃ tablo];Bild (ein)
4;13;talent (un);[ɛ̃ talɑ̃];Begabung (eine)
4;13;travaux (des);[de travo];Arbeiten (pl.)
4;13;vaisselle (la);[la vɛsɛl];Geschirr (das)
4;14;accélérer (v.);[akselere];vorantreiben
4;14;accompagner (v.);[akɔ̃paɲe];begleiten
4;14;accomplir (v.);[akɔ̃plir];erledigen
4;14;affaires (les);[lezafɛr];"Sachen (die) / Geschäft (das) /
Angelegenheiten (die)"
4;14;aspect (un);[ɛ̃naspɛ];Aspekt (ein)
4;14;atelier (un);[ɛ̃natəlje];Workshop / Lehrgang (ein)
4;14;comptable (un/une);[ɛ̃ kɔ̃tabl / yn(ə) kɔ̃tabl];Buchhalter/in (ein/ eine)
4;14;concrétiser (v.);[kɔ̃kretize];verwirklichen
4;14;conférence (une);[yn(ə) kɔ̃ferɑ̃s];Vortrag (ein) / Konferenz (eine)
4;14;créateur/trice (un/une);[ɛ̃ kreatoer / yn(ə) kreatris];Firmengründer/in (ein/ eine)
4;14;débat (un);[ɛ̃ deba];Debatte (eine)
4;14;dirigeant/e (un/une);[ɛ̃ diriʒɑ̃ / yn(ə) diriʒɑ̃t];Leiter/in (ein/eine)
4;14;domaine (un);[ɛ̃ dɔmɛn];Bereich (ein)
4;14;égoïste (adj.);[egɔist];egoistisch (adj.)
4;14;emploi (un);[ɛ̃nɑ̃plwa];Stelle (eine)
4;14;en retard;[ɑ̃ r(ə)tar];zu spät
4;14;entreprendre (v.);[ɑ̃trəprɑ̃dr];unternehmen
4;14;entrepreneur/euse (un/une);[ɛ̃nɑ̃trəprənoer / ynɑ̃trəprənøz];Unternehmer/in (ein/ eine)
4;14;étape (une);[ynetap];Etappe (eine)
4;14;étude de marché (une);[ynetyd də marʃe];Marktstudie (eine)
4;14;exposant/e (un/une);[ɛ̃nɛkspɔzɑ̃ / ynɛkspɔzɑ̃t];Aussteller/in (ein/eine)
4;14;financement (un);[ɛ̃ finɑ̃s(ə)mɑ̃];Finanzierung (eine)
4;14;fiscal/e (adj.);[fiskal / fiskal];Steuer-
4;14;formalité (une);[yn(ə) fɔrmalite];Formalität (eine)
4;14;grave (adj.);[grav];schwer / dunkel (adj.)
4;14;indispensable (adj.);[ɛ̃dispɑ̃sabl];unerlässlich (adj.)
4;14;juridique (adj.);[ʒyridik];rechtlich (adj.)
4;14;lancer (v.);[lɑ̃se];gründen / einführen
4;14;matériel (un);[ɛ̃ materjɛl];Material (ein) / Ausstattung (eine)
4;14;micro-entrepreneur/ euse (un/une);[ɛ̃ mikroɑ̃trəprənoer / yn(ə) mikroɑ̃trəprənøz];Kleinstunternehmer/in (ein/eine)
4;14;nécessaire (adj.);[nesesɛr];notwendig (adj.)
4;14;ordre (un);[ɛ̃nɔrdr];Reihenfolge / Ordnung (eine)
4;14;original/e (adj.);[ɔriʒinal / ɔriʒinal];originell (adj.)
4;14;procéder (v.);[prɔsede];vorgehen
4;14;produit (un);[ɛ̃ prɔdɥi];Produkt (ein)
4;14;rassemblement (un);[ɛ̃ rasɑ̃bləmɑ̃];Treffen (ein)
4;14;retrouver (v.);[rətruve];finden / wieder begegnen
4;14;rôle (un);[ɛ̃ rol];Rolle (eine)
4;14;sélection (une);[yn(ə) selɛksjɔ̃];Auswahl (eine)
4;14;source d’information (une);[yn(ə) surs(ə) dɛ̃fɔrmasjɔ̃];Informationsquelle (eine)
4;14;stressé/e (adj.);[strese / strese];gestresst (adj.)
4;14;support (un);[ɛ̃ sypɔr];Träger (ein)
4;14;sûr de lui / sûre d’elle (adj.);[syr də lɥi / syr dɛl];selbstsicher (Adj.)
4;14;triste (adj.);[trist];traurig (adj.)
4;15;ambiance (une);[ynɑ̃bjɑ̃s];Stimmung (eine)
4;15;bureau (un);[ɛ̃ byro];Büro / Schreibtisch (ein)
4;15;caisson (un);[ɛ̃ kɛsɔ̃];Schubladenelement (ein)
4;15;casier (un);[ɛ̃ kazje];Regal (ein)
4;15;chaleureux/euse (adj.);[ʃaloerø / ʃaloerøz];herzlich / gemütlich (adj.)
4;15;collaborateur/trice (un/une);[ɛ̃ kɔlabɔratoer / yn(ə) kɔlabɔratris];Mitarbeiter/in (ein/ eine)
4;15;courant (un) / être au courant;[ɛ̃ kurɑ̃];Strom (ein) / auf dem Laufenden sein
4;15;dédié/e (adj.);[dedje / dedje];eigen (adj.)
4;15;destiné/e à (v.);[dɛstine a / dɛstine a];bestimmt für
4;15;détente (la);[la detɑ̃t];Entspannung (die)
4;15;en ligne;[ɑ̃ liɲ];online
4;15;équipement (un);[ɛ̃nekip(ə)mɑ̃];Ausstattung (eine)
4;15;espérer (v.);[ɛspere];hoffen
4;15;espoir (l');[lɛspwar];Hoffnung (die)
4;15;fauteuil (un);[ɛ̃ fotoej];Sessel (ein)
4;15;fibre optique (la);[la fibrɔptik];Glasfaserkabel (das)
4;15;forfait (un);[ɛ̃ fɔrfɛ];Pauschale (eine)
4;15;formule (une);[yn(ə) fɔrmyl];Angebot (ein)
4;15;impression (une);[ynɛ̃presjɔ̃];Eindruck (ein)
4;15;imprimante (une);[ynɛ̃primɑ̃t];Drucker (ein)
4;15;local/e (adj.);[lɔkal / lɔkal];lokal (adj.)
4;15;mobilier (le);[lə mɔbilje];Möbel (pl.)
4;15;mutualisé/e (adj.);[mytɥalize / mytɥalize];gemeinsam genutzt (adj.)
4;15;neuf/neuve (adj.);[noef / noev];neu (adj.)
4;15;option (une);[ynɔpsjɔ̃];Option (eine)
4;15;parfait/e (adj.);[parfɛ / parfɛt];perfekt (adj.)
4;15;particulier/ière (adj.);[partikylje / partikyljɛr];besondere/r/s (adj.)
4;15;privatif/ive (adj.);[privatif / privativ];privat (adj.)
4;15;refait/e à neuf (adj.);[rəfɛ / rəfɛt a noef];erneuert (Adj.)
4;15;remise (une);[yn(ə) rəmiz];Rabatt (ein)
4;15;secteur d’activité (un);[ɛ̃ sɛktoer daktivite];Betätigungsfeld (ein)
4;15;station (une);[yn(ə) stasjɔ̃];"Haltestelle (eine) / Sender (ein) /
Bergstation (eine)"
4;15;studieux/euse (adj.);[stydjø / stydjøz];fleißig (adj.)
4;15;tarif (un);[ɛ̃ tarif];Tarif (ein)
4;15;visioconférence (une);[yn(ə) visjokɔ̃ferɑ̃s];Videokonferenz (eine)
4;16;actuel/elle (adj.);[aktɥɛl / aktɥɛl];aktuell (adj.)
4;16;assistant/e (un/une);[ɛ̃nasistɑ̃ / ynasistɑ̃t];Assistent/in (ein/eine)
4;16;baccalauréat (le);[lə bakalorea];Abitur (das)
4;16;budget (un);[ɛ̃ bydʒɛ];Budget (das)
4;16;chaussure (une);[yn(ə) ʃosyr];Schuh (ein)
4;16;choix (un);[ɛ̃ ʃwa];Auswahl (eine)
4;16;communiqué de presse (un);[ɛ̃ kɔmynike də prɛs];Pressemeldung (eine)
4;16;conseil (le);[lə kɔ̃sɛj];Rat (der)
4;16;correspondre (v.);[kɔrɛspɔ̃dr];entsprechen
4;16;costume (un);[ɛ̃ kɔstym];Anzug (ein)
4;16;cravate (une);[yn(ə) kravat];Krawatte (eine)
4;16;créatif/ive (adj.);[kreatif / kreativ];kreativ (adj.)
4;16;décontracté/e (adj.);[dekɔ̃trakte / dekɔ̃trakte];lässig (adj.)
4;16;diffusion (la);[la difyzjɔ̃];Verbreitung (die)
4;16;diplôme (un);[ɛ̃ diplom];Abschluss (ein)
4;16;équipe (une);[ynekip];Team (ein)
4;16;expérience professionnelle (une);[ynɛksperjɑ̃s prɔfɛsjɔnɛl];Berufserfahrung (eine)
4;16;finance (la);[la finɑ̃s];Finanzwesen (das)
4;16;fonction (une);[yn fɔ̃ksjɔ̃];Tätigkeit / Aufgabe (eine)
4;16;hôtellerie (l’);[lotɛl(ə)ri];Hotelgewerbe (das)
4;16;improvisation (une);[ynɛ̃prɔvizasjɔ̃];Improvisation (eine)
4;16;look (un);[ɛ̃ luk];Look (ein)
4;16;manche (une);[yn(ə) mɑ̃ʃ];Ärmel (ein)
4;16;obligatoire (adj.);[ɔbligatwar];Pflicht
4;16;personnel/le (adj.);[pɛrsɔnɛl / pɛrsɔnɛl];persönlich (adj.)
4;16;poste (un);[ɛ̃ pɔst];Arbeitsstelle (eine)
4;16;public/ique (adj.);[pyblik / pyblik];öffentlich (adj.)
4;16;réception (une);[yn(ə) resɛpsjɔ̃];Empfang (ein)
4;16;règle (une);[yn(ə) rɛgl];Regel (eine)
4;16;responsabilités (des);[de rɛspɔ̃sabilite];Verantwortung (die)
4;16;talon (un);[ɛ̃ talɔ̃];Absatz (ein)
4;16;vestimentaire (adj.);[vɛstimɑ̃tɛr];Kleider-
5;17;accident (un);[ɛ̃naksidɑ̃];Unfall (ein)
5;17;adolescence (l’);[ladɔlesɑ̃s];Jugend (die)
5;17;amputer (v.);[ɑ̃pyte];amputieren
5;17;animateur/trice (un/ une);[ɛ̃nanimatoer / ynanimatris];Moderator/in (ein/eine)
5;17;athlète (un/une);[ɛ̃natlɛt / ynatlɛt];Athlet/in (ein/eine)
5;17;biographie (une);[yn(ə) bjɔgrafi];Biografie (eine)
5;17;bronze (le);[lə brɔ̃z];Bronze (die)
5;17;carrière (une);[yn(ə) karjɛr];Karriere (eine)
5;17;champion/ionne (un/ une);[ɛ̃ ʃɑ̃pjɔ̃ / yn(ə) ʃɑ̃pjɔn];Meister/in (ein/eine)
5;17;chirurgien/ne (un/une);[ɛ̃ ʃiryrʒjɛ̃ / yn(ə) ʃiryrʒjɛn];Chirurg/in (ein/eine)
5;17;compétition (une);[yn(ə) kɔ̃petisjɔ̃];Wettkampf (ein)
5;17;discipline (une);[yn(ə) disiplin];Disziplin (eine)
5;17;équitation (l’);[lekitasjɔ̃];Reiten (das)
5;17;expertise (une);[ynɛkspɛrtiz];Gutachten (ein)
5;17;genou (un);[ɛ̃ ʒ(ə)nu];Knie (ein)
5;17;handicap (un);[ɛ̃ ɑ̃dikap];Behinderung (eine)
5;17;handisport (le);[lə ɑ̃dispɔr];Behindertensport (der)
5;17;haut niveau (le);[lə o nivo];Hochleistungs- (adj.)
5;17;impressionnant/e (adj.);[ɛ̃presjɔnɑ̃ / ɛ̃presjɔnɑ̃t];beeindruckend (adj.)
5;17;jeux olympiques (les);[le ʒøzɔlɛ̃pik];olympische Spiele (pl.)
5;17;jeux paralympiques (les);[le ʒø paralɛ̃pik];paralympische Spiele (pl.)
5;17;médaille (une);[yn(ə) medaj];Medaille (eine)
5;17;or (l’);[lɔr];Gold (das)
5;17;palmarès (un);[ɛ̃ palmarɛs];Siegerliste (eine)
5;17;permettre (v.);[pɛrmɛtr];erlauben / ermöglichen
5;17;pompier/ière (un/une);[ɛ̃ pɔ̃pje / yn(ə) pɔ̃pjɛr];"Feuerwehrmann (ein) / Feuerwehrfrau
(eine)"
5;17;président/e (un/une);[ɛ̃ prezidɑ̃ / yn(ə) prezidɑ̃t];Vorsitzende/r (ein/eine)
5;17;reconversion (une);[yn(ə) rəkɔ̃vɛrsjɔ̃];berufliche Veränderung (eine)
5;17;reprendre goût (v.);[rəprɑ̃drə gu];wieder Freude haben
5;17;retraite (la);[la rətrɛt];Rückzug (der)
5;17;saut (le);[lə so];Sprung (der)
5;17;se fixer (v.);[s(ə) fikse];sich festlegen / sich (ein Ziel) setzen
5;17;tennis (les);[le tenis];Turnschuhe (pl.)
5;17;titre (un);[ɛ̃ titr];Überschrift (eine)
5;17;voile (la);[la vwal];Segeln (das)
5;18;accueil (un);[ɛ̃nakoej];Empfang (ein)
5;18;aérien/ne (adj.);[aerjɛ̃ / aerjɛn];Flug-
5;18;aérodrome (un);[ɛ̃naerɔdrom];Flugplatz (ein)
5;18;alentours (les);[lezalɑ̃tur];Umgebung (die)
5;18;aller-retour (un);[ɛ̃nale r(ə)tur];Hin- und Rückfahrt (eine)
5;18;assiette (une);[ynasjɛt];Teller (ein)
5;18;atterrir (v.);[aterir];landen
5;18;aventure (une);[ynavɑ̃tyr];Abenteuer (ein)
5;18;beauté (la);[la bote];Schönheit (die)
5;18;château (un);[ɛ̃ ʃato];Schloss (ein)
5;18;clin d’oeil (un);[ɛ̃ klɛ̃ doej];Zwinkern (ein)
5;18;couloir (un);[ɛ̃ kulwar];Flur (ein)
5;18;cour (la);[la kur];Hof (der)
5;18;déguster (v.);[degyste];verkosten
5;18;détail (un);[ɛ̃ detaj];Einzelheit (eine)
5;18;entraîner (v.);[ɑ̃trɛne];üben / trainieren / verleiten
5;18;escalier (un);[ɛ̃nɛskalje];Treppe (eine)
5;18;étoile (une);[ynetwal];Stern (ein)
5;18;exception (une);[ynɛksɛpsjɔ̃];Ausnahme (eine)
5;18;gourmand/e (adj.);[gurmɑ̃ / gurmɑ̃d];Feinschmecker- (adj.)
5;18;grand public (le);[lə grɑ̃ pyblik];breite Öffentlichkeit
5;18;hélicoptère (un);[ɛ̃nelikɔptɛr];Hubschrauber (ein)
5;18;inaccessible (adj.);[inaksɛsibl];unzugänglich (adj.)
5;18;inoubliable (adj.);[inubliabl];unvergesslich (adj.)
5;18;majesté (sa);[sa maʒɛste];Majestät (seine)
5;18;mémorable (adj.);[memɔrabl];unvergesslich (adj.)
5;18;minimum;[minimɔm];mindestens
5;18;opportunité (une);[ynɔpɔrtynite];Gelegenheit (eine)
5;18;pilote (un/une);[ɛ̃ pilɔt / yn(ə) pilɔt];Pilot/in (ein/eine)
5;18;point de vue (un);[ɛ̃ pwɛ̃ d(ə) vy];Standpunkt (ein) / Aussicht (eine)
5;18;prendre place (v.);[prɑ̃drə plas];Platz nehmen
5;18;privatisé/e (adj.);[privatize / privatize];privatisiert (adj.)
5;18;privé/e (adj.);[prive / prive];privat (adj.)
5;18;privilégié/e (adj.);[privileʒje / privileʒje];privilegiert (adj.)
5;18;roi (un);[ɛ̃ rwa];König (ein)
5;18;savourer (v.);[savure];genießen
5;18;se dérouler (v.);[s(ə) derule];stattfinden
5;18;sensationnel/le (adj.);[sɑ̃sasjɔnɛl / sɑ̃sasjɔnɛl];sensationell (adj.)
5;18;superbe (adj.);[sypɛrb];herrlich (adj.)
5;18;survoler (v.);[syrvɔle];überfliegen
5;18;unique (adj.);[ynik];einzigartig / einzeln (adj.)
5;18;vue (une);[yn(ə) vy];Blick (ein)
5;19;activité (une);[ynaktivite];Aktivität (eine)
5;19;agité/e (adj.);[aʒite / aʒite];unruhig (adj.)
5;19;annoncer (v.);[anɔ̃se];ankündigen / inserieren
5;19;après;[aprɛ];nach
5;19;assister à (v.);[asiste a];teilnehmen an
5;19;avoir envie (v.);[avwarɑ̃vi];Lust haben
5;19;décider (v.);[deside];entscheiden
5;19;déménagement (un);[ɛ̃ demenaʒ(ə)mɑ̃];Umzug (ein)
5;19;départ (un);[ɛ̃ depar];Abreise (eine) / Wegzug (ein)
5;19;ennuyer (v.);[ɑ̃nɥije];langweilen
5;19;ensuite;[ɑ̃sɥit];dann
5;19;fréquent/e (adj.);[frekɑ̃ / frekɑ̃t];häufig (adj.)
5;19;frustration (la);[la frystrasjɔ̃];Frust (der)
5;19;insatisfaction (l’);[lɛ̃satisfaksjɔ̃];Unzufriedenheit (die)
5;19;instructeur/trice (un/ une);[ɛ̃nɛ̃stryktoer / ynɛ̃stryktris];Ausbilder/in (ein/eine)
5;19;journal télévisé (le);[lə ʒurnal televize];Fernsehnachrichten (pl.)
5;19;majorité (la);[la maʒɔrite];Mehrheit (die)
5;19;malade (adj.);[malad];krank (adj.)
5;19;méditation (la);[la meditasjɔ̃];Meditation (die)
5;19;mode de vie (un);[ɛ̃ mɔd də vi];Lebensstil (ein)
5;19;obtenir (v.);[ɔptənir];erhalten
5;19;ouvrir (v.);[uvrir];öffnen
5;19;poursuivre (v.);[pursɥivr];fortsetzen
5;19;pratique (la);[la pratik];Praxis (die)
5;19;présentateur/trice (un/ une);[ɛ̃ prezɑ̃tatoer / yn(ə) prezɑ̃tatris];Moderator/in (ein/eine)
5;19;présenter (v.);[prezɑ̃te];vorstellen
5;19;presse (la);[la prɛs];Presse (die)
5;19;puis;[pɥi];dann
5;19;quotidien (le);[lə kɔtidjɛ̃];Alltag (der)
5;19;répétitif/ive (adj.);[repetitif / repetitiv];monoton (adj.)
5;19;résultat (un);[ɛ̃ rezylta];Ergebnis (ein)
5;19;s’ennuyer (v.);[sɑ̃nɥije];sich langweilen
5;19;se former (v.);[s(ə) fɔrme];sich weiterbilden
5;19;sensation (une);[yn(ə) sɑ̃sasjɔ̃];Sinneseindruck (ein)
5;19;stage (un);[ɛ̃ staʒ];Praktikum (ein)
5;19;suffire (v.);[syfir];genügen
5;19;supporter (v.);[sypɔrte];ertragen
5;19;symbole (un);[ɛ̃ sɛ̃bɔl];Symbol (ein)
5;19;tranquille (adj.);[trɑ̃kil];ruhig (adj.)
5;20;appartenir (v.);[apartənir];gehören zu
5;20;bref/brève (adj.);[brɛf / brɛv];kurz (adj.)
5;20;commentaire (un);[ɛ̃ kɔmɑ̃tɛr];Kommentar (ein)
5;20;creux (un);[ɛ̃ krø];"Vertiefung (eine) (creux de la main = hohle
Hand)"
5;20;horizon (un);[ɛ̃nɔrizɔ̃];Horizont (ein)
5;20;inconnu/e (adj.);[ɛ̃kɔny / ɛ̃kɔny];unbekannt (adj.)
5;20;jeunesse (la);[la ʒoenɛs];Jugend (die)
5;20;liberté (la);[la libɛrte];Freiheit (die)
5;20;littéraire (adj.);[literɛr];literarisch (adj.)
5;20;monde (le);[lə mɔ̃d];Welt (die)
5;20;poème (un);[ɛ̃ poɛm];Gedicht (ein)
5;20;poétique (adj.);[pɔetik];poetisch (adj.)
5;20;rimer (v.);[rime];reimen
5;20;strophe (une);[yn(ə) strɔf];Strophe (eine)
5;20;syllabe (une);[yn(ə) silab];Silbe (eine)
5;20;vent (le);[lə vɑ̃];Wind (der)
6;21;agir (v.);[aʒir];handeln (v.)
6;21;combat (un);[ɛ̃ kɔ̃ba];Kampf (ein)
6;21;concerné/e (adj.);[kɔ̃sɛrne / kɔ̃sɛrne];betroffen (adj.)
6;21;déchet (un);[ɛ̃ deʃɛ];Abfall (ein)
6;21;défendre (v.);[defɑ̃dr];verteidigen
6;21;dégât (un);[ɛ̃ dega];Schaden (ein)
6;21;engagement (un);[ɛ̃nɑ̃gaʒ(ə)mɑ̃];Engagement (ein)
6;21;environnemental/e (adj.);[ɑ̃virɔn(ə)mɑ̃tal / ɑ̃virɔn(ə)mɑ̃tal];Umwelt- / umweltbezogen (adj.)
6;21;fleuve (un);[ɛ̃ floev];Fluss (ein)
6;21;fonte (la);[la fɔ̃t];Abschmelzen (das)
6;21;glacier (un);[ɛ̃ glasje];Gletscher (ein)
6;21;grève (une);[yn(ə) grɛv];Streik (ein)
6;21;incendie (un);[ɛ̃nɛ̃sɑ̃di];Brand (ein)
6;21;inondation (une);[yninɔ̃dasjɔ̃];Hochwasser (ein)
6;21;interroger (v.);[ɛ̃terɔʒe];befragen
6;21;jeune (un);[ɛ̃ ʒoen];junger Mensch (ein)
6;21;manifestation (une);[yn(ə) manifɛstasjɔ̃];Demonstration (eine)
6;21;manifester (v.);[manifɛste];demonstrieren
6;21;mondial/e (adj.);[mɔ̃djal / mɔ̃djal];weltweit (adj.)
6;21;montagne (la);[la mɔ̃taɲ];Berg (der)
6;21;mouvement (un);[ɛ̃ muv(ə)mɑ̃];Bewegung (eine)
6;21;national/e (adj.);[nasjɔnal / nasjɔnal];national (adj.)
6;21;origine (l’);[lɔriʒin];Herkunft (die)
6;21;ouragan (un);[ɛ̃nuragɑ̃];Orkan (ein)
6;21;planète (la);[la planɛt];Planet (ein)
6;21;pollution (la);[la pɔlysjɔ̃];Verschmutzung (die)
6;21;ramassage (un);[ɛ̃ ramasaʒ];Müllabfuhr (eine)
6;21;réagir (v.);[reaʒir];reagieren
6;21;réchauffement climatique (le);[lə reʃof(ə)mɑ̃ klimatik];Klimaerwärmung (die)
6;21;rivière (une);[yn(ə) rivjɛr];Fluss (ein)
6;21;s’engager (v.);[sɑ̃gaʒe];sich engagieren
6;21;sensibiliser (v.);[sɑ̃sibilize];sensibilisieren
6;21;station de ski (une);[yn(ə) stasjɔ̃ də ski];Skigebiet (ein)
6;21;terrible (adj.);[teribl];schrecklich (adj.)
6;21;tremblement de terre (un);[ɛ̃ trɑ̃bləmɑ̃ də tɛr];Erdbeben (ein)
6;22;à proximité de;[a prɔksimite də];in der Nähe von
6;22;accessoire (un);[ɛ̃nakseswar];Accessoire (ein)
6;22;biodégradable (adj.);[bjɔdegradabl];biologisch abbaubar (adj.)
6;22;bois (le);[lə bwa];Holz (das)
6;22;caoutchouc (le);[lə kautʃu];Gummi (der)
6;22;confortable (adj.);[kɔ̃fɔrtabl];bequem (adj.)
6;22;cosmétique (adj.);[kɔsmetik];kosmetisch (adj.)
6;22;coton (le);[lə kɔtɔ̃];Baumwolle (die)
6;22;cuir (le);[lə kɥir];Leder (das)
6;22;dentifrice (un);[ɛ̃ dɑ̃tifris];Zahnpasta (eine)
6;22;hydratant/e (adj.);[idratɑ̃ / idratɑ̃t];feuchtigkeitsspendend (adj.)
6;22;jouet (un);[ɛ̃ ʒwɛ];Spielzeug (ein)
6;22;laine (la);[la lɛn];Wolle (die)
6;22;matière (une);[yn(ə) matjɛr];Material (ein)
6;22;moche (adj.) (fam.);[mɔʃ / mɔʃ];scheußlich (adj.) (ugs.)
6;22;normal/e (adj.);[nɔrmal / nɔrmal];normal (adj.)
6;22;plastique (le);[lə plastik];Kunststoff (der)
6;22;produit de toilette (un);[ɛ̃ prɔdɥi də twalɛt];Toilettenartikel (ein)
6;22;prospectus (un);[ɛ̃ prɔspɛktys];Prospekt (ein)
6;22;protection (une);[yn(ə) prɔtɛksjɔ̃];Schutz (ein)
6;22;régime (un);[ɛ̃ reʒim];Diät (eine)
6;22;respectueux/euse (adj.);[rɛspɛktɥø / rɛspɛktɥøz];respektvoll (adj.)
6;22;ressembler (v.);[rəsɑ̃ble];aussehen wie
6;22;sauvage (adj.);[sovaʒ];naturbelassen (adj.)
6;22;soie (la);[la swa];Seide (die)
6;22;soja (le);[lə sɔʒa];Sojabohne (die)
6;22;solaire (adj.);[sɔlɛr];Sonnen-
6;22;soutien (un);[ɛ̃ sutjɛ̃];Unterstützung (eine)
6;22;végane (adj.);[vegan];vegan (adj.)
6;22;végétal/e (adj.);[veʒetal / veʒetal];vegetarisch (adj.)
6;23;aliment (un);[ɛ̃nalimɑ̃];Lebensmittel (ein)
6;23;amande (une);[ynamɑ̃d];Mandel (eine)
6;23;amateur/trice (adj.);[amatoer / amatris];Fan (ein)
6;23;blé (le);[lə ble];Weizen (der)
6;23;boisson (une);[yn(ə) bwasɔ̃];Getränk (ein)
6;23;boîte (une);[yn(ə) bwat];Schachtel (eine)
6;23;caisse (une);[yn(ə) kɛs];Kiste (eine)
6;23;carton (le);[lə kartɔ̃];Karton (der)
6;23;céréale (une);[yn(ə) sereal];Getreide (ein)
6;23;chocolat (le);[lə ʃɔkɔla];Schokolade (die)
6;23;consommateur/trice (un/ une);[ɛ̃ kɔ̃sɔmatoer / yn(ə) kɔ̃sɔmatris];Verbraucher/in (ein/ eine)
6;23;contenant (un);[ɛ̃ kɔ̃t(ə)nɑ̃];Behälter (ein)
6;23;croquette (une);[yn(ə) krɔkɛt];Krokette (eine)
6;23;écolo(gique) (adj.);[ekɔlɔ(ʒik)];öko(logisch) (adj.)
6;23;écologie (l’);[lekɔlɔʒi];Ökologie (die)
6;23;emballage (un);[ɛ̃nɑ̃balaʒ];Verpackung (eine)
6;23;en vrac;[ɑ̃ vrak];unverpackt
6;23;éviter (v.);[evite];vermeiden
6;23;farine (la);[la farin];Mehl (das)
6;23;fatigant/e (adj.);[fatigɑ̃ / fatigɑ̃t];anstrengend (adj.)
6;23;flacon (un);[ɛ̃ flakɔ̃];Fläschchen (ein)
6;23;flocon d’avoine (un);[ɛ̃ flɔkɔ̃ davwan];Haferflocke (eine)
6;23;fondé/e (adj.);[fɔ̃de / fɔ̃de];fundiert (adj.)
6;23;frais/fraîche (adj.);[frɛ / frɛʃ];frisch / kühl (adj.)
6;23;fruit sec (un);[ɛ̃ frɥi sɛk];Trockenfrucht (eine)
6;23;gaspiller (v.);[gaspije];verschwenden
6;23;gramme (un);[ɛ̃ gram];Gramm (ein)
6;23;kilo (un);[ɛ̃ kilo];Kilo (ein)
6;23;légumineuse (une);[yn(ə) legyminøz];Hülsenfrucht (eine)
6;23;lentille (une);[yn(ə) lɑ̃tij];Linse (eine)
6;23;maïs (le);[lə mais];Mais (der)
6;23;marchandise (une);[yn(ə) marʃɑ̃diz];Ware (eine)
6;23;millilitre (un);[ɛ̃ mililitr];Milliliter (ein)
6;23;noisette (une);[yn(ə) nwazɛt];Haselnuss (eine)
6;23;paquet (un);[ɛ̃ pakɛ];Packung (eine)
6;23;pâte (une);[yn(ə) pat];Teig (ein) (pâtes = Nudeln)
6;23;peser (v.);[pəze];wiegen
6;23;peu (un);[ɛ̃ pø];wenig (ein)
6;23;poids (le);[lə pwa];Gewicht (das)
6;23;poignée (une);[yn(ə) pwaɲe];Handvoll (eine)
6;23;pois chiche (un);[ɛ̃ pwa ʃiʃ];Kichererbse (eine)
6;23;pot (un);[ɛ̃ po];Glas (ein)
6;23;poubelle (une);[yn(ə) pubɛl];Abfalleimer (ein)
6;23;produit ménager (un);[ɛ̃ prɔdɥi menaʒe];Haushaltsprodukt (ein)
6;23;quantité (une);[yn(ə) kɑ̃tite];Menge (eine)
6;23;remplir (v.);[rɑ̃plir];füllen
6;23;représenter (v.);[rəprezɑ̃te];ausmachen / darstellen
6;23;réutiliser (v.);[reytilize];wiederverwenden
6;23;riz (le);[lə ri];Reis (der)
6;23;s’adapter (v.);[sadapte];sich anpassen
6;23;se servir (v.);[sə sɛrvir];sich nehmen
6;23;séduire (v.);[sedɥir];begeistern
6;23;sondage (un);[ɛ̃ sɔ̃daʒ];Umfrage (eine)
6;23;succès (un);[ɛ̃ syksɛ];Erfolg (ein)
6;23;sucre (le);[lə sykr];Zucker (der)
6;23;système (un);[ɛ̃ sistɛm];System (ein)
6;23;tissu (un);[ɛ̃ tisy];Stoff (ein)
6;23;tout le temps;[tu lə tɑ̃ / tultɑ̃];ständig
6;23;vente (une);[yn(ə) vɑ̃t];Verkauf (ein)
6;23;volume (un);[ɛ̃ vɔlym];Volumen (ein)
6;24;apprécier (v.);[apresje];anerkennen / würdigen
6;24;candidature (une);[yn(ə) kɑ̃didatyr];Bewerbung (eine)
6;24;chaîne (une);[yn(ə) ʃɛn];Hier: (Laden-)kette
6;24;contraire (un);[ɛ̃ kɔ̃trɛr];Gegenteil (ein)
6;24;définition (une);[yn(ə) definisjɔ̃];Definition (eine)
6;24;démarche (une);[yn(ə) demarʃ];Vorgehen (ein)
6;24;déposer (v.);[depɔze];einreichen
6;24;destinataire (un/une);[ɛ̃ dɛstinatɛr / yn(ə) dɛstinatɛr];Empfänger/in (ein/eine)
6;24;expéditeur/trice (un/ une);[ɛ̃nɛkspeditoer / ynɛkspeditris];Absender/in (ein/eine)
6;24;formel/le (adj.);[fɔrmɛl / fɔrmɛl];formell (adj.)
6;24;franchise (une);[yn(ə) frɑ̃ʃiz];Franchise (eine)
6;24;introduction (une);[ynɛ̃trɔdyksjɔ̃];Einleitung (eine)
6;24;joindre (v.);[ʒwɛ̃dr];erreichen
6;24;mime (le);[lə mim];Pantomime (die)
6;24;rédiger (v.);[rediʒe];verfassen
6;24;salutation (une);[yn(ə) salytasjɔ̃];Gruß (ein)
6;24;signature (une);[yn(ə) siɲatyr];Unterschrift (eine)
6;24;synonyme (un);[ɛ̃ sinɔnim];Synonym (ein)
6;24;traduction (une);[yn(ə) tradyksjɔ̃];Übersetzung (eine)
6;24;végétalien/ne (adj.);[veʒetaljɛ̃ / veʒetaljɛn];vegan (adj.)
7;25;accès (un);[ɛ̃naksɛ];Zugang (ein)
7;25;application mobile (appli) (une);[ynaplikasjɔ̃ mɔbil];Anwendung für Mobilgeräte (App) (eine)
7;25;astéroïde (un);[ɛ̃nasteroid];Asteroid (ein)
7;25;catastrophe (une);[yn(ə) katastrɔf];Katastrophe (eine)
7;25;catégorie (une);[yn(ə) kategɔri];Kategorie (eine)
7;25;chaîne de télévision (une);[yn(ə) ʃɛn də televizjɔ̃];Fernsehsender (ein)
7;25;civilisation (la);[la sivilizasjɔ̃];Zivilisation (die)
7;25;contradiction (une);[yn(ə) kɔ̃tradiksjɔ̃];Widerspruch (ein)
7;25;croire (v.);[krwar];glauben
7;25;enquête (une);[ynɑ̃kɛt];Umfrage (eine)
7;25;fiable (adj.);[fjabl];zuverlässig (adj.)
7;25;fin (la);[la fɛ̃];Ende (das)
7;25;infox (une);[ynɛ̃fɔks];Falschnachricht (eine)
7;25;penser (v.);[pɑ̃se];denken
7;25;percuter (v.);[pɛrkyte];einschlagen / aufprallen
7;25;pourcentage (un);[ɛ̃ pursɑ̃taʒ];prozentualer Anteil (ein)
7;25;questionnaire (un);[ɛ̃ kɛstjɔnɛr];Fragebogen (ein)
7;25;réseau social (un);[ɛ̃ rezo sɔsjal];soziales Netzwerk (ein)
7;25;station de radio (une);[yn(ə) stasjɔ̃ də radjo];Radiosender (ein)
7;25;vérifier (v.);[verifje];überprüfen
7;26;art dramatique (l’);[lar dramatik];Schauspielkunst (die)
7;26;artistique (adj.);[artistik];künstlerisch (adj.)
7;26;bibliothèque (une);[yn(ə) bibljɔtɛk];Bibliothek (eine)
7;26;citoyen/ne (un/une);[ɛ̃ sitwajɛ̃ / yn(ə) sitwajɛn];Bürger/in (ein/eine)
7;26;conservatoire (un);[ɛ̃ kɔ̃sɛrvatwar];Musik-/ Kunsthochschule (eine)
7;26;contenu (un);[ɛ̃ kɔ̃t(ə)ny];Inhalt (ein)
7;26;démocratiser (v.);[demɔkratize];populär machen
7;26;disposer de (v.);[dispɔze də];verfügen über
7;26;doctrine (une);[yn(ə) dɔktrin];Lehre (eine)
7;26;élevé/e (adj.);[el(ə)ve / el(ə)ve];hoch (adj.)
7;26;enseignement (un);[ɛ̃nɑ̃sɛɲəmɑ̃];Unterricht (ein)
7;26;exprimer (v.);[ɛksprime];ausdrücken
7;26;gratuité (la);[gratɥite];Kostenfreiheit (die)
7;26;hebdomadaire (adj.);[ɛbdɔmadɛr];wöchentlich (adj.)
7;26;inégalité (une);[yninegalite];Ungleichheit (eine)
7;26;itinérant/e (adj.);[itinerɑ̃ / itinerɑ̃t];Wander-
7;26;ministère (un);[ɛ̃ ministɛr];Ministerium (ein)
7;26;minorité (une);[yn(ə) minɔrite];Minderheit (eine)
7;26;numérisé/e (adj.);[nymerize / nymerize];digitalisiert (adj.)
7;26;offre (une);[ynɔfr];Angebot (ein)
7;26;opinion (une);[ynɔpiɲɔ̃];Meinung (eine)
7;26;partie (une);[yn(ə) parti];Teil (ein)
7;26;permanent/e (adj.);[pɛrmanɑ̃ / pɛrmanɑ̃t];Dauer-
7;26;personnalité (une);[yn(ə) pɛrsɔnalite];Persönlichkeit (eine)
7;26;plusieurs;[plyzjoer];mehrere
7;26;populaire (adj.);[pɔpylɛr];von einfacher Herkunft
7;26;quelques;[kɛlk];einige
7;26;réduire (v.);[redɥir];verringern
7;26;salle (une);[yn(ə) sal];Zimmer / Raum / Saal (ein)
7;26;temporaire (adj.);[tɑ̃pɔrɛr];vorübergehend (adj.)
7;26;tribune (une);[yn(ə) tribyn];Kolumne (eine)
7;26;varié/e (adj.);[varje / varje];abwechslungsreich (adj.)
7;27;admirer (v.);[admire];bewundern
7;27;art contemporain (l’);[lar kɔ̃tɑ̃pɔrɛ̃];zeitgenössische Kunst (die)
7;27;auteur/e (un/une);[ɛ̃notoer / ynotoer];Autor/in (ein/eine)
7;27;cause (une);[yn(ə) koz];Grund (ein)
7;27;décoratif/ive (adj.);[dekɔratif / dekɔrativ];dekorativ (adj.)
7;27;histoire (l');[listwar];Geschichte (die)
7;27;horloge (une);[ynɔrlɔʒ];Uhr (eine)
7;27;impossible (adj.);[ɛ̃pɔsibl];unmöglich (adj.)
7;27;impressionnisme (l’);[lɛ̃prɛsjɔnism];Impressionismus (der)
7;27;injuste (adj.);[ɛ̃ʒyst];ungerecht (adj.)
7;27;lecture (la);[la lɛktyr];Lektüre (die)
7;27;micro-trottoir (un);[ɛ̃ mikro trɔtwar];Umfrage auf der Straße (eine)
7;27;modèle (un);[ɛ̃ mɔdɛl];Modell (ein)
7;27;oeuvre d’art (une);[ynoevrə dar];Kunstwerk (ein)
7;27;par contre;[par kɔ̃tr];dagegen / jedoch
7;27;parce que;[pars(ə) kə];weil
7;27;passionnant/e (adj.);[pasjɔnɑ̃ / pasjɔnɑ̃t];faszinierend (adj.)
7;27;peintre (un/une);[ɛ̃ pɛ̃tr / yn(ə) pɛ̃tr];Maler/in (ein/eine)
7;27;peinture (la);[la pɛ̃tyr];Malerei (die)
7;27;pourtant;[purtɑ̃];dennoch
7;27;prendre position (v.);[prɑ̃dr(ə) pɔzisjɔ̃];Stellung beziehen
7;27;rétrospective (une);[yn(ə) retrɔspɛktiv];Rückblick (ein)
7;27;se battre (v.);[s(ə) batr];kämpfen
7;28;à distance;[a distɑ̃s];Fern-
7;28;abréviation (une);[ynabrevjasjɔ̃];Abkürzung (eine)
7;28;absent/e (adj.);[apsɑ̃ / apsɑ̃t];abwesend (adj.)
7;28;améliorer (v.);[ameljɔre];verbessern
7;28;bravo;[bravo];Bravo
7;28;clavier (un);[ɛ̃klavje];Tastatur (eine)
7;28;écran (un);[ɛ̃nekrɑ̃];Bildschirm (ein)
7;28;élève (un/une);[ɛ̃nelɛv / ynelɛv];Schüler/in (ein/eine)
7;28;évoluer (v.);[evɔlɥe];entwickeln
7;28;horreur (une);[ynɔroer];Schrecken (ein)
7;28;humain/e (adj.);[ymɛ̃ / ymɛn];menschlich (adj.)
7;28;inventer (v.);[ɛ̃vɑ̃te];erfinden
7;28;justifier (v.);[ʒystifje];begründen
7;28;nommer (v.);[nɔme];benennen
7;28;note (une);[yn(ə) nɔt];Notiz (eine)
7;28;nouveauté (une);[yn(ə) nuvote];Neuheit (eine)
7;28;nul/le (adj.);[nyl / nyl];idiotisch (adj.) (ugs.)
7;28;originalité (l’);[lɔriʒinalite];Besonderheit (die)
7;28;passer (v.);[pase];geschehen
7;28;qualifier (v.);[kalifje];beschreiben
7;28;réalisme (le);[lə realism];Realismus (der)
7;28;signification (la);[la siɲifikasjɔ̃];Bedeutung (die)
8;29;à bord;[a bɔr];an Bord
8;29;arrivée (une);[ynarive];Ankunft (eine)
8;29;authentique (adj.);[otɑ̃tik];authentisch / stilecht (adj.)
8;29;avion (un);[ɛ̃navjɔ̃];Flugzeug (ein)
8;29;baleine (une);[yn(ə) balɛn];Wal (ein)
8;29;bateau (un);[ɛ̃ bato];Boot (ein)
8;29;bruit (un);[ɛ̃ brɥi];Lärm (ein)
8;29;cabine (une);[yn(ə) kabin];Kabine (eine)
8;29;capitaine (un/une);[ɛ̃ kapitɛn / yn(ə) kapitɛn];Kapitän/in (ein/eine)
8;29;car (un);[ɛ̃ kar];Reisebus (ein)
8;29;condition (une);[yn(ə) kɔ̃disjɔ̃];Bedingung (eine)
8;29;connaissance (une);[yn(ə) kɔnɛsɑ̃s];Bekanntschaft (eine)
8;29;constant/e (adj.);[kɔ̃stɑ̃ / kɔ̃stɑ̃t];ständig (adj.)
8;29;couchage (un);[ɛ̃ kuʃaʒ];Übernachtung (eine)
8;29;coucher de soleil (un);[ɛ̃ kuʃe də solɛj / ɛ̃ kuʃetsolɛj];Sonnenuntergang (ein)
8;29;dauphin (un);[ɛ̃ dofɛ̃];Delphin (ein)
8;29;durée (une);[yn(ə) dyre];Dauer (eine)
8;29;équipage (un);[ɛ̃nekipaʒ];Besatzung (eine)
8;29;équipé/e (adj.);[ekipe / ekipe];ausgestattet (adj.)
8;29;escale (une);[ynɛskal];Zwischenstopp (ein)
8;29;haute mer (la);[la ot(ə) mɛr];Hochsee (die)
8;29;lever de soleil (un);[ɛ̃ l(ə)ve d(ə) solɛj / ɛ̃ l(ə)vetsolɛj];Sonnenaufgang (ein)
8;29;marine (la);[la marin];Marine (die)
8;29;mythique (adj.);[mitik];legendär (adj.)
8;29;navire (un);[ɛ̃ navir];Schiff (ein)
8;29;océan (un);[ɛ̃nɔseɑ̃];Ozean (ein)
8;29;officier/ière (un/une);[ɛ̃nɔfisje / ynɔfisjɛr];Offizier/in (ein/eine)
8;29;oublier (v.);[ublje];vergessen
8;29;passager/ère (un/une);[ɛ̃ pasaʒe / yn(ə) pasaʒɛr];Passagier/in (ein/eine)
8;29;passerelle (une);[yn(ə) pas(ə)rɛl];Brücke (eine)
8;29;piscine (une);[yn(ə) pisin];Schwimmbad (ein)
8;29;poisson volant (un);[ɛ̃ pwasɔ̃ vɔlɑ̃];fliegender Fisch (ein)
8;29;promotion (une);[yn(ə) prɔmɔsjɔ̃];Werbung (eine)
8;29;repos (le);[lə r(ə)po];Entspannung (die)
8;29;rythme (un);[ɛ̃ ritm];Rhythmus (ein)
8;29;se promener (v.);[s(ə) prɔm(ə)ne];spazieren gehen
8;29;se renseigner (v.);[s(ə) rɑ̃seɲe];sich informieren
8;29;servir (v.);[sɛrvir];dienen
8;29;suggestion (une);[yn(ə) sygʒɛstjɔ̃];Anregung (eine)
8;29;surprendre (v.);[syrprɑ̃dr];überraschen
8;29;taille (la);[la taj];Größe (die)
8;29;tenter (v.);[tɑ̃te];versuchen
8;29;traversée (une);[yn(ə) travɛrse];Überfahrt (eine)
8;29;vue (la);[la vy];Aussicht (die)
8;30;accepter (v.);[aksɛpte];annehmen
8;30;attitude (une);[ynatityd];Haltung (eine)
8;30;auberge (une);[ynobɛrʒ];Gasthof (ein)
8;30;canapé (un);[ɛ̃ kanape];Sofa (ein)
8;30;carte (une);[yn(ə) kart];Karte (eine)
8;30;côte (la);[la kot];Küste (die)
8;30;coutume (une);[yn(ə) kutym];Brauch (ein)
8;30;déplacement (un);[ɛ̃ deplas(ə)mɑ̃];Fortbewegung (eine)
8;30;droit/e (adj.);[drwa / drwat];gerade / rechts (adj.)
8;30;endroit (un);[ɛ̃nɑ̃drwa];Ort (ein)
8;30;enrichissant/e (adj.);[ɑ̃riʃisɑ̃ / ɑ̃riʃisɑ̃t];bereichernd (adj.)
8;30;extrême (adj.);[ɛkstrɛm];extrem (adj.)
8;30;géographie (la);[la ʒeografi];Geographie (die)
8;30;héberger (v.);[ebɛrʒe];unterbringen
8;30;hôte / hôtesse (un/ une);[ɛ̃not / ynotɛs];Gastgeber/in (ein/eine)
8;30;ibérique (adj.);[iberik];iberisch (adj.)
8;30;kilomètre (un);[ɛ̃ kilɔmɛtr];Kilometer (ein)
8;30;ligne (une);[yn(ə) liɲ];"Linie / Leitung / Zeile (eine) / (en ligne =
online)"
8;30;longer (v.);[lɔ̃ʒe];entlangfahren
8;30;longtemps;[lɔ̃tɑ̃];lang
8;30;ouvert/e (adj.);[uvɛr / uvɛrt];offen (adj.)
8;30;paysage (un);[ɛ̃ peizaʒ];Landschaft (eine)
8;30;péninsule (une);[yn(ə) penɛ̃syl];Halbinsel (eine)
8;30;pension (une);[yn(ə) pɑ̃sjɔ̃];Pension (eine)
8;30;préparatifs (des);[de preparatif];Vorbereitungen (pl.)
8;30;prêt/e (adj.);[prɛ / prɛt];bereit (adj.)
8;30;résidence (une);[yn(ə) rezidɑ̃s];Ferienwohnung (eine)
8;30;retraité/e (un/une);[ɛ̃ rətrɛte / yn(ə) rətrɛte];Rentner/in (ein/eine)
8;30;risque (un);[ɛ̃ risk];Risiko (ein)
8;30;s’arrêter (v.);[sarete];anhalten
8;30;se débrouiller (v.);[s(ə) debruje];zurechtkommen
8;31;Leçon 31;;
8;31;brousse (la);[la brus];Busch (der)
8;31;case (une);[yn(ə) kaz];Hütte (eine) / Kästchen (ein)
8;31;chauffer (v.);[ʃofe];erwärmen
8;31;ciment (le);[lə simɑ̃];Zement (der)
8;31;colonial/e (adj.);[kɔlɔnjal / kɔlɔnjal];kolonial (adj.)
8;31;crépi (le);[lə krepi];Putz (der)
8;31;dalle (une);[yn(ə) dal];Platte (eine)
8;31;écrivain/e (un/une);[ɛ̃nekrivɛ̃ / ynekrivɛn];Schriftsteller/in (ein/ eine)
8;31;effacement (l');[lefas(ə)mɑ̃];Auslöschen (das)
8;31;étranger/ère (adj.);[etrɑ̃ʒe / etrɑ̃ʒɛr];ausländisch (adj.)
8;31;exercer (v.);[ɛgzɛrse];praktizieren
8;31;fer (le);[lə fɛr];Eisen (das)
8;31;gouvernement (un);[ɛ̃ guvɛrnəmɑ̃];Regierung (eine)
8;31;hamac (un);[ɛ̃ amak];Hängematte (eine)
8;31;hormis;[ɔrmi];außer
8;31;isolé/e (adj.);[izɔle / izɔle];abgelegen (adj.)
8;31;logement de fonction (un);[ɛ̃ lɔʒ(ə)mɑ̃ də fɔ̃ksjɔ̃];Dienstwohnung (eine)
8;31;luxe (le);[lə lyks];Luxus (der)
8;31;médecine (la);[la metsin] / [la medəsin];Medizin (die)
8;31;miroir (un);[ɛ̃ mirwar];Spiegel (ein)
8;31;mur (un);[ɛ̃ myr];Wand (eine)
8;31;négatif/ive (adj.);[negatif / negativ];negativ (adj.)
8;31;oeuvre (une);[ynoevr];Werk (ein)
8;31;parpaing (un);[ɛ̃ parpɛ̃];Leichtbaustein (ein)
8;31;pieds nus;[pje ny];barfuß
8;31;rapport (un);[ɛ̃ rapɔr];Beziehung (eine)
8;31;recouvert/e (adj.);[rəkuvɛr / rəkuvɛrt];bedeckt (adj.)
8;31;rejoindre (v.);[rəʒwɛ̃dr];beitreten / folgen / zurückkehren
8;31;réservoir (un);[ɛ̃ rezɛrvwar];Tank (ein)
8;31;sentir (v.);[sɑ̃tir];fühlen
8;31;sévère (adj.);[sevɛr];streng (adj.)
8;31;sol (un);[ɛ̃ sɔl];Boden (ein)
8;31;toit (un);[ɛ̃ twa];Dach (ein)
8;31;tôle ondulée (la);[la tolɔ̃dyle];Wellblech (das)
8;31;tout à coup;[tutaku];plötzlich
8;31;tube (un);[ɛ̃ tyb];Rohr (ein)
8;32;animé/e (adj.);[anime / anime];belebt (adj.)
8;32;asseoir (s’);[saswar];sich setzen
8;32;carnet de voyage (un);[ɛ̃ karnɛ d(ə) vwajaʒ];Reisetagebuch (ein)
8;32;coller (v.);[kɔle];bekleben / einkleben
8;32;déçu/e (adj.);[desy / desy];enttäuscht (adj.)
8;32;dessin (un);[ɛ̃ desɛ̃];Zeichnung (eine)
8;32;fenêtre (une);[yn(ə) fənɛtr];Fenster (ein)
8;32;grillade (une);[yn(ə) grijad];Grillgericht (ein)
8;32;humide (adj.);[ymid];feucht (adj.)
8;32;illustrer (v.);[ilystre];illustrieren
8;32;impatient/e (adj.);[ɛ̃pasjɑ̃ / ɛ̃pasjɑ̃t];ungeduldig (adj.)
8;32;légender (v.);[leʒɑ̃de];beschriften
8;32;mobylette (une);[yn(ə) mɔbilɛt];Mofa (ein)
8;32;nuit (une);[yn(ə) nɥi];Nacht (eine)
8;32;paradis (un);[ɛ̃ paradi];Paradies (ein)
8;32;pêcheur/euse (un/une);[ɛ̃ peʃoer / yn(ə) peʃøz];Fischer/in (ein/eine)
8;32;planche (une);[yn(ə) plɑ̃ʃ];Brett (ein)
8;32;plein de (adv.);[plɛ̃ də];voller (adv.)
8;32;ponctuation (la);[la pɔ̃ktɥasjɔ̃];Zeichensetzung (die)
8;32;se remplir (v.);[s(ə) rɑ̃plir];sich füllen
8;32;session (une);[yn(ə) sɛsjɔ̃];Session (eine)
8;32;vague (une);[yn(ə) vag];Welle (eine)
8;32;vivant/e (adj.);[vivɑ̃ / vivɑ̃t];lebendig (adj.)
